Channel,Video_ID,Negative,Neutral,Positive
Mrwhosetheboss,1iuaVRIhe5c,0.009376375935971737,0.4613792300224304,0.5292444229125977
