Channel,Video_ID,Negative,Neutral,Positive
Mrwhosetheboss,xTT_vpF-ogk,0.01018289104104042,0.09581224620342255,0.8940048813819885
