Channel,Video_ID,Negative,Neutral,Positive
Mrwhosetheboss,yeK6hWmNkXA,0.00295294844545424,0.02154228463768959,0.9755046963691711
