Channel,Video_ID,Negative,Neutral,Positive
Linus Tech Tips,4dHR36DDVE8,0.1577903777360916,0.6351436972618103,0.20706596970558167
