Channel,Video_ID,Negative,Neutral,Positive
Linus Tech Tips,6uyI6s4XJLw,0.0018941763555631042,0.06292328238487244,0.9351825714111328
