Channel,Video_ID,Negative,Neutral,Positive
Linus Tech Tips,6yXPltBN7q0,0.01220835279673338,0.10063222050666809,0.8871594667434692
