Channel,Video_ID,Negative,Neutral,Positive
Linus Tech Tips,cgxFsCD4Vug,0.42949166893959045,0.4227009117603302,0.14780738949775696
