Channel,Video_ID,Negative,Neutral,Positive
Linus Tech Tips,em0Go35C6fk,0.14963452517986298,0.6128440499305725,0.2375214844942093
