Channel,Video_ID,Negative,Neutral,Positive
Linus Tech Tips,lj4iXGpleh0,0.10941861569881439,0.389697402715683,0.5008839964866638
