Channel,Video_ID,Negative,Neutral,Positive
Linus Tech Tips,NH2BBt3pNG8,0.003929044585675001,0.033181603997945786,0.9628893136978149
