Channel,Video_ID,Negative,Neutral,Positive
Linus Tech Tips,qhlPFNpwpoo,0.7186722755432129,0.25864171981811523,0.022686008363962173
