Channel,Video_ID,Negative,Neutral,Positive
Linus Tech Tips,QZIdam3snHY,0.0825137197971344,0.4310828745365143,0.48640337586402893
Linus Tech Tips,QZIdam3snHY,0.08386044204235077,0.7292876839637756,0.18685190379619598
Linus Tech Tips,QZIdam3snHY,0.013324631378054619,0.46838217973709106,0.5182932019233704
Linus Tech Tips,QZIdam3snHY,0.8214154243469238,0.15877434611320496,0.019810283556580544
Linus Tech Tips,QZIdam3snHY,0.43746933341026306,0.460819810628891,0.10171088576316833
Linus Tech Tips,QZIdam3snHY,0.11734826862812042,0.3794894814491272,0.5031622052192688
Linus Tech Tips,QZIdam3snHY,0.096128910779953,0.2811060845851898,0.622765064239502
Linus Tech Tips,QZIdam3snHY,0.44414401054382324,0.45320427417755127,0.10265180468559265
Linus Tech Tips,QZIdam3snHY,0.9091870784759521,0.08240819722414017,0.008404736407101154
Linus Tech Tips,QZIdam3snHY,0.9035747051239014,0.08694442361593246,0.009480856359004974
Linus Tech Tips,QZIdam3snHY,0.056915029883384705,0.42742908000946045,0.5156559348106384
Linus Tech Tips,QZIdam3snHY,0.08097175508737564,0.3027687966823578,0.6162595152854919
Linus Tech Tips,QZIdam3snHY,0.28501489758491516,0.42075517773628235,0.2942299544811249
Linus Tech Tips,QZIdam3snHY,0.01171462144702673,0.09917061030864716,0.8891147971153259
Linus Tech Tips,QZIdam3snHY,0.17692334949970245,0.4190010130405426,0.40407562255859375
Linus Tech Tips,QZIdam3snHY,0.7232974171638489,0.250944048166275,0.025758549571037292
Linus Tech Tips,QZIdam3snHY,0.056330371648073196,0.23854506015777588,0.70512455701828
Linus Tech Tips,QZIdam3snHY,0.15183724462985992,0.47259581089019775,0.37556684017181396
Linus Tech Tips,QZIdam3snHY,0.030354978516697884,0.3719629645347595,0.5976821184158325
Linus Tech Tips,QZIdam3snHY,0.02842055633664131,0.4561091959476471,0.5154702663421631
