Channel,Video_ID,Negative,Neutral,Positive
Linus Tech Tips,RzTVIm3_0Wo,0.032323628664016724,0.5800702571868896,0.387606143951416
