Channel,Video_ID,Negative,Neutral,Positive
Linus Tech Tips,UcS-6p8OCfI,0.02130293846130371,0.4922837018966675,0.4864133596420288
